이름,id
스킨케어>넥케어,323
스킨케어>스킨/토너,400
스킨케어>로션,401
스킨케어>에센스,402
스킨케어>크림,403
스킨케어>아이케어,404
스킨케어>미스트,405
스킨케어>페이스오일,406
스킨케어>화장품세트,407
스킨케어>톤업크림,46419
선케어>선크림,408
선케어>선스프레이,409
선케어>선스틱,410
선케어>선파우더/쿠션,411
선케어>애프터선,412
선케어>선케어세트,413
선케어>태닝>태닝스프레이,4074
선케어>태닝>태닝오일,4262
선케어>태닝>태닝크림,4263
선케어>태닝>태닝티슈,4471
클렌징>클렌징폼,414
클렌징>클렌징오일,415
클렌징>클렌징크림,416
클렌징>클렌징로션,417
클렌징>클렌징젤,418
클렌징>클렌징워터,419
클렌징>클렌징티슈,420
클렌징>클렌징비누,421
클렌징>클렌징파우더,422
클렌징>립앤아이리무버,423
클렌징>스크럽/필링,424
클렌징>클렌징세트,425
마스크/팩>마스크시트,426
마스크/팩>필오프팩,427
마스크/팩>워시오프팩,428
마스크/팩>코팩,429
마스크/팩>수면팩,430
마스크/팩>마사지크림/젤,431
마스크/팩>마스크/팩세트,432
베이스메이크업>메이크업베이스,326
베이스메이크업>트윈케이크,327
베이스메이크업>컨실러,328
베이스메이크업>베이스메이크업세트,362
베이스메이크업>BB크림,433
베이스메이크업>CC크림,434
베이스메이크업>프라이머,435
베이스메이크업>파우더>루스파우더,4075
베이스메이크업>파우더>팩트파우더,4409
베이스메이크업>파운데이션>리퀴드형,4076
베이스메이크업>파운데이션>스틱형,4410
베이스메이크업>파운데이션>크림형,4411
베이스메이크업>파운데이션>쿠션형,4697
색조메이크업>립스틱,363
색조메이크업>립케어,364
색조메이크업>립글로스,365
색조메이크업>립틴트,366
색조메이크업>립라이너,367
색조메이크업>아이섀도,368
색조메이크업>마스카라,369
색조메이크업>아이브로,370
색조메이크업>블러셔,371
색조메이크업>하이라이터/쉐이딩,372
색조메이크업>색조메이크업세트,373
색조메이크업>아이라이너>리퀴드형,4237
색조메이크업>아이라이너>젤형,4412
색조메이크업>아이라이너>펜슬형,4413
색조메이크업>속눈썹영양제,45821
네일케어>매니큐어,374
네일케어>네일아트,375
네일케어>네일영양제,376
네일케어>네일리무버,377
네일케어>네일케어도구,378
네일케어>네일케어세트,379
네일케어>손발톱정리기,1891
바디케어>바디크림,271
바디케어>바디오일,272
바디케어>바디미스트,273
바디케어>바디파우더,274
바디케어>바디클렌저,275
바디케어>바디스크럽,276
바디케어>여성청결제,277
바디케어>목욕비누,278
바디케어>핸드케어,279
바디케어>풋케어,280
바디케어>입욕제,281
바디케어>아로마테라피,282
바디케어>데오드란트,283
바디케어>제모제,284
바디케어>바디슬리밍,285
바디케어>바디케어세트,286
바디케어>바디로션,380
바디케어>파라핀용품,1892
바디케어>제모기,1893
바디케어>샤워코롱,1909
헤어케어>샴푸,287
헤어케어>린스,288
헤어케어>트리트먼트,289
헤어케어>헤어에센스,290
헤어케어>헤어팩,291
헤어케어>헤어미스트,292
헤어케어>두피케어,293
헤어케어>탈모케어,294
헤어케어>헤어케어세트,295
헤어케어>두피케어기기,1894
헤어스타일링>헤어왁스,296
헤어스타일링>헤어스프레이,297
헤어스타일링>헤어무스,298
헤어스타일링>헤어젤,299
헤어스타일링>헤어글레이즈,300
헤어스타일링>염색약,301
헤어스타일링>파마약>스트레이트,4238
헤어스타일링>파마약>웨이브,4414
향수>여성향수,302
향수>남성향수,303
향수>남녀공용향수,304
향수>향수세트,305
뷰티소품>바디소품,306
뷰티소품>타투,307
뷰티소품>화장품케이스,308
뷰티소품>아이소품>뷰러,4239
뷰티소품>아이소품>속눈썹/속눈썹펌제,4240
뷰티소품>아이소품>쌍꺼풀,4241
뷰티소품>아이소품>눈썹칼,4242
뷰티소품>아이소품>눈썹가위,4243
뷰티소품>아이소품>족집게,4244
뷰티소품>아이소품>샤프너,4245
뷰티소품>아이소품>기타아이소품,4246
뷰티소품>페이스소품>기름종이,4247
뷰티소품>페이스소품>화장솜,4248
뷰티소품>페이스소품>퍼프,4249
뷰티소품>페이스소품>마사지도구,4250
뷰티소품>페이스소품>세안도구,4251
뷰티소품>페이스소품>코털제거기,4252
뷰티소품>페이스소품>피지/각질제거기,4253
뷰티소품>페이스소품>기타페이스소품,4254
뷰티소품>페이스소품>면봉,4415
뷰티소품>헤어소품>헤어브러시,4255
뷰티소품>헤어소품>미용가위,4256
뷰티소품>헤어소품>헤어롤,4257
뷰티소품>헤어소품>세안밴드,4258
뷰티소품>헤어소품>헤어캡,4259
뷰티소품>헤어소품>기타헤어소품,4260
뷰티소품>헤어소품>에어브러시,4673
뷰티소품>헤어소품>드라이어,4674
뷰티소품>헤어소품>고데기,4675
뷰티소품>헤어소품>매직기,4676
뷰티소품>헤어소품>롤셋,4677
뷰티소품>헤어소품>가발,4678
뷰티소품>헤어소품>헤어핀,4679
뷰티소품>헤어소품>헤어끈,4680
뷰티소품>메이크업브러시>립브러시,4261
뷰티소품>메이크업브러시>아이브러시,4416
뷰티소품>메이크업브러시>페이스브러시,4417
뷰티소품>메이크업브러시>브러시세트,4418
뷰티소품>거울,1895
뷰티소품>피부케어기기,1896
뷰티소품>DIY화장품재료,1910
남성화장품>스킨,309
남성화장품>로션,310
남성화장품>에센스,311
남성화장품>크림,312
남성화장품>아이케어,313
남성화장품>올인원,314
남성화장품>선크림,315
남성화장품>클렌징,316
남성화장품>스크럽/필링,317
남성화장품>마스크/팩,318
남성화장품>메이크업,319
남성화장품>쉐이빙폼,320
남성화장품>남성청결제,321
남성화장품>남성화장품세트,322
